[{"model": "api.client", "pk": 1, "fields": {"phone": "79991231231", "operator_code": "123", "tag": "string", "client_timezone": "string"}}, {"model": "api.client", "pk": 2, "fields": {"phone": "79991231232", "operator_code": "123", "tag": "string", "client_timezone": "string"}}, {"model": "api.client", "pk": 3, "fields": {"phone": "79999988888", "operator_code": "string", "tag": "string", "client_timezone": "string"}}, {"model": "api.mailinglist", "pk": 1, "fields": {"added": "2022-04-01T11:49:48.010Z", "mailing_start": "2022-04-01T11:58:09.306Z", "mailing_end": "2022-04-01T15:48:09.306Z", "text": "string", "client_operator": "123", "client_tag": "string", "job_id": null}}, {"model": "api.mailinglist", "pk": 2, "fields": {"added": "2022-04-01T12:18:03.491Z", "mailing_start": "2022-04-01T16:17:41.933Z", "mailing_end": "2022-04-01T17:17:41.933Z", "text": "string", "client_operator": "123", "client_tag": "string", "job_id": null}}, {"model": "api.mailinglist", "pk": 3, "fields": {"added": "2022-04-01T12:19:11.918Z", "mailing_start": "2022-04-01T15:21:41.933Z", "mailing_end": "2022-04-01T17:17:41.933Z", "text": "string", "client_operator": "123", "client_tag": "string", "job_id": null}}, {"model": "api.mailinglist", "pk": 4, "fields": {"added": "2022-04-01T12:24:49.044Z", "mailing_start": "2022-04-01T12:26:29.005Z", "mailing_end": "2022-04-01T12:28:29.005Z", "text": "string", "client_operator": "123", "client_tag": "string", "job_id": null}}, {"model": "api.mailinglist", "pk": 5, "fields": {"added": "2022-04-01T12:26:27.260Z", "mailing_start": "2022-04-03T12:40:06.991Z", "mailing_end": "2022-04-03T12:40:06.991Z", "text": "string333", "client_operator": "string", "client_tag": "string", "job_id": null}}, {"model": "api.mailinglist", "pk": 6, "fields": {"added": "2022-04-01T12:31:45.094Z", "mailing_start": "2022-04-01T12:33:35.376Z", "mailing_end": "2022-04-01T12:36:35.376Z", "text": "string", "client_operator": "123", "client_tag": "string", "job_id": null}}, {"model": "api.mailinglist", "pk": 7, "fields": {"added": "2022-04-01T12:52:30.480Z", "mailing_start": "2022-04-01T12:54:35.376Z", "mailing_end": "2022-04-01T12:56:35.376Z", "text": "string", "client_operator": "123", "client_tag": "string", "job_id": null}}, {"model": "api.mailinglist", "pk": 8, "fields": {"added": "2022-04-01T12:56:36.895Z", "mailing_start": "2022-04-01T12:58:27.914Z", "mailing_end": "2022-04-01T12:59:27.914Z", "text": "string", "client_operator": "123", "client_tag": "string", "job_id": null}}, {"model": "api.mailinglist", "pk": 9, "fields": {"added": "2022-04-01T12:59:35.639Z", "mailing_start": "2022-04-01T12:58:27.914Z", "mailing_end": "2022-04-01T12:59:27.914Z", "text": "string", "client_operator": "123", "client_tag": "string", "job_id": null}}, {"model": "api.mailinglist", "pk": 10, "fields": {"added": "2022-04-01T12:59:44.180Z", "mailing_start": "2022-04-01T13:00:27.914Z", "mailing_end": "2022-04-01T12:59:27.914Z", "text": "string", "client_operator": "123", "client_tag": "string", "job_id": null}}, {"model": "api.mailinglist", "pk": 11, "fields": {"added": "2022-04-01T13:00:54.512Z", "mailing_start": "2022-04-01T13:02:44.335Z", "mailing_end": "2022-04-01T13:04:44.335Z", "text": "string", "client_operator": "123", "client_tag": "string", "job_id": null}}, {"model": "api.mailinglist", "pk": 12, "fields": {"added": "2022-04-01T13:05:48.720Z", "mailing_start": "2022-04-01T13:07:34.834Z", "mailing_end": "2022-04-01T13:08:34.834Z", "text": "string", "client_operator": "123", "client_tag": "string", "job_id": null}}, {"model": "api.mailinglist", "pk": 13, "fields": {"added": "2022-04-01T13:14:55.702Z", "mailing_start": "2022-04-01T13:16:34.834Z", "mailing_end": "2022-04-01T13:18:34.834Z", "text": "string", "client_operator": "123", "client_tag": "string", "job_id": null}}, {"model": "api.mailinglist", "pk": 14, "fields": {"added": "2022-04-01T13:16:34.966Z", "mailing_start": "2022-04-01T13:16:34.834Z", "mailing_end": "2022-04-01T13:18:34.834Z", "text": "string", "client_operator": "123", "client_tag": "string", "job_id": null}}, {"model": "api.mailinglist", "pk": 15, "fields": {"added": "2022-04-01T13:25:16.398Z", "mailing_start": "2022-04-01T13:26:08.011Z", "mailing_end": "2022-04-01T13:27:08.011Z", "text": "string", "client_operator": "123", "client_tag": "string", "job_id": null}}, {"model": "api.mailinglist", "pk": 16, "fields": {"added": "2022-04-01T13:26:08.132Z", "mailing_start": "2022-04-01T13:26:08.011Z", "mailing_end": "2022-04-01T13:27:08.011Z", "text": "string", "client_operator": "123", "client_tag": "string", "job_id": null}}, {"model": "api.mailinglist", "pk": 17, "fields": {"added": "2022-04-01T14:47:21.524Z", "mailing_start": "2022-04-01T14:48:03.604Z", "mailing_end": "2022-04-01T14:49:03.604Z", "text": "string", "client_operator": "123", "client_tag": "string", "job_id": null}}, {"model": "api.mailinglist", "pk": 18, "fields": {"added": "2022-04-01T14:48:03.775Z", "mailing_start": "2022-04-01T14:48:03.604Z", "mailing_end": "2022-04-01T14:49:03.604Z", "text": "string", "client_operator": "123", "client_tag": "string", "job_id": null}}, {"model": "api.mailinglist", "pk": 19, "fields": {"added": "2022-04-01T14:52:17.746Z", "mailing_start": "2022-04-01T14:54:04.029Z", "mailing_end": "2022-04-01T14:57:04.029Z", "text": "string", "client_operator": "123", "client_tag": "string", "job_id": null}}, {"model": "api.mailinglist", "pk": 20, "fields": {"added": "2022-04-01T14:54:04.149Z", "mailing_start": "2022-04-01T14:54:04.029Z", "mailing_end": "2022-04-01T14:57:04.029Z", "text": "string", "client_operator": "123", "client_tag": "string", "job_id": null}}, {"model": "api.mailinglist", "pk": 21, "fields": {"added": "2022-04-01T20:40:17.260Z", "mailing_start": "2022-04-01T20:41:35.478Z", "mailing_end": "2022-04-01T20:44:05.478Z", "text": "string", "client_operator": "123", "client_tag": "string", "job_id": null}}, {"model": "api.mailinglist", "pk": 22, "fields": {"added": "2022-04-01T20:41:35.627Z", "mailing_start": "2022-04-01T20:41:35.478Z", "mailing_end": "2022-04-01T20:44:05.478Z", "text": "string", "client_operator": "123", "client_tag": "string", "job_id": null}}, {"model": "api.mailinglist", "pk": 23, "fields": {"added": "2022-04-03T13:44:29.985Z", "mailing_start": "2022-04-03T13:50:43.758Z", "mailing_end": "2022-04-03T13:50:43.758Z", "text": "string", "client_operator": "string", "client_tag": "string", "job_id": null}}, {"model": "api.mailinglist", "pk": 24, "fields": {"added": "2022-04-03T13:45:18.535Z", "mailing_start": "2022-04-03T13:54:19.484Z", "mailing_end": "2022-04-03T13:56:19.484Z", "text": "string", "client_operator": "123", "client_tag": "string", "job_id": null}}, {"model": "api.mailinglist", "pk": 25, "fields": {"added": "2022-04-03T13:53:13.450Z", "mailing_start": "2022-04-03T13:55:06.394Z", "mailing_end": "2022-04-03T13:56:06.394Z", "text": "string", "client_operator": "111", "client_tag": "string", "job_id": null}}, {"model": "api.mailinglist", "pk": 26, "fields": {"added": "2022-04-03T13:55:06.535Z", "mailing_start": "2022-04-03T13:55:06.394Z", "mailing_end": "2022-04-03T13:56:06.394Z", "text": "string", "client_operator": "111", "client_tag": "string", "job_id": null}}, {"model": "api.mailinglist", "pk": 27, "fields": {"added": "2022-04-03T14:44:21.928Z", "mailing_start": "2022-04-03T14:46:46.299Z", "mailing_end": "2022-04-03T14:47:46.299Z", "text": "string", "client_operator": "123", "client_tag": "string", "job_id": null}}, {"model": "api.mailinglist", "pk": 28, "fields": {"added": "2022-04-03T14:47:29.925Z", "mailing_start": "2022-04-03T14:49:14.582Z", "mailing_end": "2022-04-03T14:57:14.582Z", "text": "string", "client_operator": "123", "client_tag": "string", "job_id": null}}, {"model": "api.mailinglist", "pk": 29, "fields": {"added": "2022-04-03T14:49:14.712Z", "mailing_start": "2022-04-03T14:49:14.582Z", "mailing_end": "2022-04-03T14:57:14.582Z", "text": "string", "client_operator": "123", "client_tag": "string", "job_id": null}}, {"model": "api.mailinglist", "pk": 30, "fields": {"added": "2022-04-03T15:11:54.225Z", "mailing_start": "2022-04-03T15:12:43.318Z", "mailing_end": "2022-04-03T15:11:43.318Z", "text": "string", "client_operator": "123", "client_tag": "string", "job_id": null}}, {"model": "api.mailinglist", "pk": 31, "fields": {"added": "2022-04-03T15:14:03.319Z", "mailing_start": "2022-04-03T15:15:53.141Z", "mailing_end": "2022-04-03T15:24:53.141Z", "text": "string", "client_operator": "string", "client_tag": "string", "job_id": null}}, {"model": "api.mailinglist", "pk": 32, "fields": {"added": "2022-04-03T15:15:53.259Z", "mailing_start": "2022-04-03T15:15:53.141Z", "mailing_end": "2022-04-03T15:24:53.141Z", "text": "string", "client_operator": "string", "client_tag": "string", "job_id": null}}, {"model": "api.mailinglist", "pk": 33, "fields": {"added": "2022-04-03T15:24:30.267Z", "mailing_start": "2022-04-03T15:25:21.193Z", "mailing_end": "2022-04-03T15:26:21.193Z", "text": "string", "client_operator": "123", "client_tag": "string", "job_id": null}}, {"model": "api.mailinglist", "pk": 34, "fields": {"added": "2022-04-03T15:25:21.321Z", "mailing_start": "2022-04-03T15:25:21.193Z", "mailing_end": "2022-04-03T15:26:21.193Z", "text": "string", "client_operator": "123", "client_tag": "string", "job_id": null}}, {"model": "api.mailinglist", "pk": 35, "fields": {"added": "2022-04-03T15:30:17.323Z", "mailing_start": "2022-04-03T15:31:10.278Z", "mailing_end": "2022-04-03T15:32:10.278Z", "text": "string", "client_operator": "123", "client_tag": "string", "job_id": null}}, {"model": "api.mailinglist", "pk": 36, "fields": {"added": "2022-04-03T15:30:19.405Z", "mailing_start": "2022-04-03T15:30:19.282Z", "mailing_end": "2022-04-03T15:31:19.282Z", "text": "string", "client_operator": "123", "client_tag": "string", "job_id": null}}, {"model": "api.mailinglist", "pk": 37, "fields": {"added": "2022-04-03T15:31:10.317Z", "mailing_start": "2022-04-03T15:31:10.278Z", "mailing_end": "2022-04-03T15:32:10.278Z", "text": "string", "client_operator": "123", "client_tag": "string", "job_id": null}}, {"model": "api.mailinglist", "pk": 38, "fields": {"added": "2022-04-03T15:32:04.761Z", "mailing_start": "2022-04-03T15:33:56.496Z", "mailing_end": "2022-04-03T15:34:56.496Z", "text": "string", "client_operator": "123", "client_tag": "string", "job_id": null}}, {"model": "api.mailinglist", "pk": 39, "fields": {"added": "2022-04-03T15:38:05.236Z", "mailing_start": "2022-04-03T15:38:54.741Z", "mailing_end": "2022-04-03T15:39:54.741Z", "text": "string", "client_operator": "123", "client_tag": "string", "job_id": "735ac3e8266c4954bd2caad64a762e12"}}, {"model": "api.mailinglist", "pk": 40, "fields": {"added": "2022-04-03T15:38:55.835Z", "mailing_start": "2022-04-03T15:38:54.741Z", "mailing_end": "2022-04-03T15:39:54.741Z", "text": "string", "client_operator": "123", "client_tag": "string", "job_id": null}}, {"model": "api.mailinglist", "pk": 41, "fields": {"added": "2022-04-03T15:39:31.037Z", "mailing_start": "2022-04-03T15:40:16.540Z", "mailing_end": "2022-04-03T15:44:16.540Z", "text": "string", "client_operator": "123", "client_tag": "string", "job_id": "fa4f73bd187b4d77b6ccf71bebf314fb"}}, {"model": "api.mailinglist", "pk": 42, "fields": {"added": "2022-04-03T15:40:16.661Z", "mailing_start": "2022-04-03T15:40:16.540Z", "mailing_end": "2022-04-03T15:44:16.540Z", "text": "string", "client_operator": "123", "client_tag": "string", "job_id": "string"}}, {"model": "api.mailinglist", "pk": 47, "fields": {"added": "2022-04-03T18:24:32.638Z", "mailing_start": "2022-04-03T18:25:20.468Z", "mailing_end": "2022-04-03T18:26:20.468Z", "text": "string", "client_operator": "123", "client_tag": "string", "job_id": "d2d1acc72af44b09920549347f58da70"}}, {"model": "api.message", "pk": 1, "fields": {"customer": 1, "mailing_list": 14, "added": "2022-04-01T13:16:34.980Z", "send_time": null, "message": "string", "status": null}}, {"model": "api.message", "pk": 2, "fields": {"customer": 1, "mailing_list": 16, "added": "2022-04-01T13:26:08.143Z", "send_time": null, "message": "string", "status": null}}, {"model": "api.message", "pk": 3, "fields": {"customer": 1, "mailing_list": 18, "added": "2022-04-01T14:48:03.786Z", "send_time": "2022-04-01T14:48:04.017Z", "message": "string", "status": "OK"}}, {"model": "api.message", "pk": 4, "fields": {"customer": 2, "mailing_list": 18, "added": "2022-04-01T14:48:04.048Z", "send_time": "2022-04-01T14:48:04.204Z", "message": "string", "status": "OK"}}, {"model": "api.message", "pk": 5, "fields": {"customer": 1, "mailing_list": 20, "added": "2022-04-01T14:54:04.159Z", "send_time": "2022-04-01T14:54:04.433Z", "message": "string", "status": "OK"}}, {"model": "api.message", "pk": 6, "fields": {"customer": 2, "mailing_list": 20, "added": "2022-04-01T14:54:04.446Z", "send_time": "2022-04-01T14:54:04.717Z", "message": "string", "status": "OK"}}, {"model": "api.message", "pk": 7, "fields": {"customer": 1, "mailing_list": 22, "added": "2022-04-01T20:41:35.640Z", "send_time": "2022-04-01T20:41:35.915Z", "message": "string", "status": "OK"}}, {"model": "api.message", "pk": 8, "fields": {"customer": 2, "mailing_list": 22, "added": "2022-04-01T20:41:35.929Z", "send_time": "2022-04-01T20:41:36.089Z", "message": "string", "status": "OK"}}, {"model": "api.message", "pk": 9, "fields": {"customer": 1, "mailing_list": 24, "added": "2022-04-03T13:45:18.555Z", "send_time": "2022-04-03T13:45:18.855Z", "message": "string", "status": "OK"}}, {"model": "api.message", "pk": 10, "fields": {"customer": 2, "mailing_list": 24, "added": "2022-04-03T13:45:18.868Z", "send_time": "2022-04-03T13:45:19.020Z", "message": "string", "status": "OK"}}, {"model": "api.message", "pk": 11, "fields": {"customer": 1, "mailing_list": 29, "added": "2022-04-03T14:49:14.743Z", "send_time": "2022-04-03T14:49:15.019Z", "message": "string", "status": "OK"}}, {"model": "api.message", "pk": 12, "fields": {"customer": 2, "mailing_list": 29, "added": "2022-04-03T14:49:15.051Z", "send_time": "2022-04-03T14:49:15.210Z", "message": "string", "status": "OK"}}, {"model": "api.message", "pk": 13, "fields": {"customer": 3, "mailing_list": 32, "added": "2022-04-03T15:15:53.273Z", "send_time": "2022-04-03T15:15:53.454Z", "message": "string", "status": "OK"}}, {"model": "api.message", "pk": 14, "fields": {"customer": 1, "mailing_list": 34, "added": "2022-04-03T15:25:21.336Z", "send_time": "2022-04-03T15:25:21.541Z", "message": "string", "status": "OK"}}, {"model": "api.message", "pk": 15, "fields": {"customer": 2, "mailing_list": 34, "added": "2022-04-03T15:25:21.553Z", "send_time": "2022-04-03T15:25:21.721Z", "message": "string", "status": "OK"}}, {"model": "api.message", "pk": 16, "fields": {"customer": 1, "mailing_list": 36, "added": "2022-04-03T15:30:19.419Z", "send_time": "2022-04-03T15:30:19.579Z", "message": "string", "status": "OK"}}, {"model": "api.message", "pk": 17, "fields": {"customer": 2, "mailing_list": 36, "added": "2022-04-03T15:30:19.591Z", "send_time": "2022-04-03T15:30:19.743Z", "message": "string", "status": "OK"}}, {"model": "api.message", "pk": 18, "fields": {"customer": 1, "mailing_list": 37, "added": "2022-04-03T15:31:10.326Z", "send_time": "2022-04-03T15:31:10.482Z", "message": "string", "status": "OK"}}, {"model": "api.message", "pk": 19, "fields": {"customer": 2, "mailing_list": 37, "added": "2022-04-03T15:31:10.490Z", "send_time": "2022-04-03T15:31:10.643Z", "message": "string", "status": "OK"}}, {"model": "api.message", "pk": 20, "fields": {"customer": 1, "mailing_list": 40, "added": "2022-04-03T15:38:55.850Z", "send_time": "2022-04-03T15:38:56.073Z", "message": "string", "status": "OK"}}, {"model": "api.message", "pk": 21, "fields": {"customer": 2, "mailing_list": 40, "added": "2022-04-03T15:38:56.086Z", "send_time": "2022-04-03T15:38:56.234Z", "message": "string", "status": "OK"}}, {"model": "api.message", "pk": 22, "fields": {"customer": 1, "mailing_list": 42, "added": "2022-04-03T15:40:16.677Z", "send_time": "2022-04-03T15:40:16.834Z", "message": "string", "status": "OK"}}, {"model": "api.message", "pk": 23, "fields": {"customer": 2, "mailing_list": 42, "added": "2022-04-03T15:40:16.848Z", "send_time": "2022-04-03T15:40:17.009Z", "message": "string", "status": "OK"}}, {"model": "api.message", "pk": 26, "fields": {"customer": 3, "mailing_list": null, "added": "2022-04-03T17:20:48.115Z", "send_time": "2022-04-03T17:20:16.051Z", "message": "string", "status": null}}, {"model": "api.message", "pk": 27, "fields": {"customer": 3, "mailing_list": null, "added": "2022-04-03T17:23:02.279Z", "send_time": "2022-04-03T17:22:34.815Z", "message": "string", "status": null}}, {"model": "api.message", "pk": 28, "fields": {"customer": 3, "mailing_list": null, "added": "2022-04-03T17:24:08.755Z", "send_time": "2022-04-03T17:23:57.956Z", "message": "string", "status": "OK"}}, {"model": "api.message", "pk": 29, "fields": {"customer": 3, "mailing_list": null, "added": "2022-04-03T17:27:52.273Z", "send_time": "2022-04-03T17:27:52.272Z", "message": "string", "status": "OK"}}, {"model": "api.message", "pk": 30, "fields": {"customer": 3, "mailing_list": null, "added": "2022-04-03T17:29:57.442Z", "send_time": "2022-04-03T17:29:57.442Z", "message": "string", "status": "OK"}}, {"model": "api.message", "pk": 31, "fields": {"customer": 3, "mailing_list": null, "added": "2022-04-03T17:32:36.061Z", "send_time": "2022-04-03T17:32:36.061Z", "message": "string", "status": "OK"}}, {"model": "api.message", "pk": 32, "fields": {"customer": 3, "mailing_list": null, "added": "2022-04-03T17:33:49.736Z", "send_time": "2022-04-03T17:33:49.735Z", "message": "string", "status": "OK"}}, {"model": "api.message", "pk": 33, "fields": {"customer": 3, "mailing_list": null, "added": "2022-04-03T17:35:22.461Z", "send_time": "2022-04-03T17:35:22.461Z", "message": "string", "status": "OK"}}, {"model": "api.message", "pk": 34, "fields": {"customer": 3, "mailing_list": null, "added": "2022-04-03T17:37:12.931Z", "send_time": "2022-04-03T17:37:12.931Z", "message": "string", "status": "OK"}}, {"model": "api.message", "pk": 35, "fields": {"customer": 3, "mailing_list": null, "added": "2022-04-03T17:39:10.338Z", "send_time": "2022-04-03T17:39:10.337Z", "message": "string", "status": "OK"}}, {"model": "api.message", "pk": 36, "fields": {"customer": 3, "mailing_list": null, "added": "2022-04-03T17:40:47.847Z", "send_time": "2022-04-03T17:40:47.847Z", "message": "string", "status": "OK"}}, {"model": "api.message", "pk": 37, "fields": {"customer": 3, "mailing_list": null, "added": "2022-04-03T17:45:38.492Z", "send_time": "2022-04-03T17:45:38.492Z", "message": "string", "status": "OK"}}, {"model": "api.message", "pk": 38, "fields": {"customer": 3, "mailing_list": null, "added": "2022-04-03T17:46:17.705Z", "send_time": "2022-04-03T17:46:17.705Z", "message": "string", "status": "OK"}}, {"model": "api.message", "pk": 39, "fields": {"customer": 3, "mailing_list": null, "added": "2022-04-03T17:47:16.255Z", "send_time": "2022-04-03T17:47:16.255Z", "message": "string", "status": "OK"}}, {"model": "api.message", "pk": 40, "fields": {"customer": 3, "mailing_list": null, "added": "2022-04-03T17:47:21.049Z", "send_time": "2022-04-03T17:47:21.049Z", "message": "string", "status": "OK"}}, {"model": "api.message", "pk": 41, "fields": {"customer": 3, "mailing_list": null, "added": "2022-04-03T17:49:55.617Z", "send_time": "2022-04-03T17:49:55.616Z", "message": "string", "status": "OK"}}, {"model": "api.message", "pk": 42, "fields": {"customer": 3, "mailing_list": null, "added": "2022-04-03T17:50:19.951Z", "send_time": "2022-04-03T17:50:19.950Z", "message": "string", "status": "OK"}}]